seq1	1178891	ins	AGGAAAGCAGGTTACCATCCTGTACCATGAAGGGATTCTGAAGCCAAGTATCCCTAAAACATTCAGTTCCGTGGGGGCAGT
seq1	1959570	snv	1
seq1	2084251	snv	1
seq1	2109510	snv	2
seq1	1277030	ins	AGACAACAATTTATTGTTCGGTAGCTTGGATCTCTTAGACGCCCGGGCTCAGGGAATATTTCTATATATAGTTCAAGTAAAATCCC
seq1	1588123	inv	65
seq1	1215727	inv	558
seq1	1181734	snv	1
seq1	1733432	ins	CCATCAGGAGCACTTGCCTGGTGCTGCCAGGTTGTCTGACTGTCATTGTGGCCGGGTGTATAGATCCAAGATTGCGCTCCTATCGTGAGAGCAGCTAAACAGGCGAGAACAGAATCCTAGTTTCGTGGGAGGTCTTTCGGTTGGTTTTATAACGTTTTCCATC
seq1	1718905	del	22
